<manifest version="2.0" type="device" target-level="4">
    <hal format="hidl">
        <name>android.hardware.audio</name>
        <transport>hwbinder</transport>
        <fqname>@5.0::IDevicesFactory/default</fqname>
    </hal>
    <hal format="hidl">
        <name>android.hardware.audio.effect</name>
        <transport>hwbinder</transport>
        <fqname>@5.0::IEffectsFactory/default</fqname>
    </hal>
    <hal format="hidl">
        <name>android.hardware.biometrics.face</name>
        <transport>hwbinder</transport>
        <fqname>@1.0::IBiometricsFace/default</fqname>
    </hal>
    <hal format="hidl">
        <name>android.hardware.biometrics.fingerprint</name>
        <transport>hwbinder</transport>
        <fqname>@2.1::IBiometricsFingerprint/default</fqname>
    </hal>
    <hal format="hidl">
        <name>android.hardware.bluetooth</name>
        <transport>hwbinder</transport>
        <fqname>@1.0::IBluetoothHci/default</fqname>
    </hal>
    <hal format="hidl">
        <name>android.hardware.camera.provider</name>
        <transport>hwbinder</transport>
        <fqname>@2.6::ICameraProvider/legacy/0</fqname>
    </hal>
    <hal format="hidl">
        <name>android.hardware.configstore</name>
        <transport>hwbinder</transport>
        <fqname>@1.1::ISurfaceFlingerConfigs/default</fqname>
    </hal>
    <hal format="hidl">
        <name>android.hardware.drm</name>
        <transport>hwbinder</transport>
        <fqname>@1.0::ICryptoFactory/default</fqname>
        <fqname>@1.0::IDrmFactory/default</fqname>
        <fqname>@1.3::ICryptoFactory/clearkey</fqname>
        <fqname>@1.3::ICryptoFactory/widevine</fqname>
        <fqname>@1.3::IDrmFactory/clearkey</fqname>
        <fqname>@1.3::IDrmFactory/widevine</fqname>
    </hal>
    <hal format="hidl">
        <name>android.hardware.gatekeeper</name>
        <transport>hwbinder</transport>
        <fqname>@1.0::IGatekeeper/default</fqname>
    </hal>
    <hal format="hidl">
        <name>android.hardware.gnss</name>
        <transport>hwbinder</transport>
        <fqname>@1.1::IGnss/default</fqname>
        <fqname>@2.1::IGnss/default</fqname>
    </hal>
    <hal format="hidl">
        <name>android.hardware.graphics.allocator</name>
        <transport>hwbinder</transport>
        <fqname>@2.0::IAllocator/default</fqname>
    </hal>
    <hal format="hidl">
        <name>android.hardware.graphics.composer</name>
        <transport>hwbinder</transport>
        <fqname>@2.3::IComposer/default</fqname>
    </hal>
    <hal format="hidl">
        <name>android.hardware.graphics.mapper</name>
        <transport arch="32+64">passthrough</transport>
        <fqname>@2.1::IMapper/default</fqname>
    </hal>
    <hal format="hidl">
        <name>android.hardware.health</name>
        <transport>hwbinder</transport>
        <fqname>@2.0::IHealth/default</fqname>
    </hal>
    <hal format="hidl">
        <name>android.hardware.keymaster</name>
        <transport>hwbinder</transport>
        <fqname>@4.0::IKeymasterDevice/default</fqname>
        <fqname>@4.0::IKeymasterDevice/strongbox</fqname>
    </hal>
    <hal format="hidl">
        <name>android.hardware.media.omx</name>
        <transport>hwbinder</transport>
        <fqname>@1.0::IOmx/default</fqname>
        <fqname>@1.0::IOmxStore/default</fqname>
    </hal>
    <hal format="hidl">
        <name>android.hardware.memtrack</name>
        <transport>hwbinder</transport>
        <fqname>@1.0::IMemtrack/default</fqname>
    </hal>
    <hal format="hidl">
        <name>android.hardware.neuralnetworks</name>
        <transport>hwbinder</transport>
        <fqname>@1.3::IDevice/eden-drv</fqname>
    </hal>
    <hal format="hidl">
        <name>android.hardware.radio</name>
        <transport>hwbinder</transport>
    </hal>
    <hal format="hidl">
        <name>android.hardware.radio</name>
        <transport>hwbinder</transport>
        <fqname>@1.2::ISap/slot1</fqname>
        <fqname>@1.2::ISap/slot2</fqname>
        <fqname>@1.4::IRadio/slot1</fqname>
        <fqname>@1.4::IRadio/slot2</fqname>
    </hal>
    <hal format="hidl">
        <name>android.hardware.radio.config</name>
        <transport>hwbinder</transport>
        <fqname>@1.1::IRadioConfig/default</fqname>
    </hal>
    <hal format="hidl">
        <name>android.hardware.radio.deprecated</name>
        <transport>hwbinder</transport>
    </hal>
    <hal format="hidl">
        <name>android.hardware.renderscript</name>
        <transport arch="32+64">passthrough</transport>
        <fqname>@1.0::IDevice/default</fqname>
    </hal>
    <hal format="hidl">
        <name>android.hardware.secure_element</name>
        <transport>hwbinder</transport>
        <fqname>@1.2::ISecureElement/eSE1</fqname>
    </hal>
    <hal format="hidl">
        <name>android.hardware.soundtrigger</name>
        <transport>hwbinder</transport>
        <fqname>@2.0::ISoundTriggerHw/default</fqname>
    </hal>
    <hal format="hidl">
        <name>android.hardware.thermal</name>
        <transport>hwbinder</transport>
        <fqname>@1.0::IThermal/default</fqname>
        <fqname>@2.0::IThermal/default</fqname>
    </hal>
    <hal format="hidl">
        <name>android.hardware.vibrator</name>
        <transport>hwbinder</transport>
        <fqname>@1.3::IVibrator/default</fqname>
    </hal>
    <hal format="hidl">
        <name>android.hardware.weaver</name>
        <transport>hwbinder</transport>
        <fqname>@1.0::IWeaver/default</fqname>
    </hal>
    <hal format="hidl">
        <name>vendor.samsung.hardware.audio</name>
        <transport>hwbinder</transport>
        <fqname>@1.0::ISehDevicesFactory/default</fqname>
    </hal>
    <hal format="hidl">
        <name>vendor.samsung.hardware.biometrics.face</name>
        <transport>hwbinder</transport>
        <fqname>@2.0::ISehBiometricsFace/default</fqname>
    </hal>
    <hal format="hidl">
        <name>vendor.samsung.hardware.biometrics.fingerprint</name>
        <transport>hwbinder</transport>
        <fqname>@3.0::ISehBiometricsFingerprint/default</fqname>
    </hal>
    <hal format="hidl">
        <name>vendor.samsung.hardware.bluetooth</name>
        <transport>hwbinder</transport>
        <fqname>@2.0::ISehBluetooth/default</fqname>
    </hal>
    <hal format="hidl">
        <name>vendor.samsung.hardware.bluetooth.a2dp</name>
        <transport>hwbinder</transport>
        <fqname>@1.0::ISehBluetoothAudioOffload/default</fqname>
    </hal>
    <hal format="hidl">
        <name>vendor.samsung.hardware.bluetooth.a2dpsink</name>
        <transport>hwbinder</transport>
        <fqname>@1.0::ISehBluetoothA2dpSinkProvidersFactory/default</fqname>
    </hal>
    <hal format="hidl">
        <name>vendor.samsung.hardware.bluetooth.audio</name>
        <transport>hwbinder</transport>
        <fqname>@2.1::ISehBluetoothAudioProvidersFactory/default</fqname>
    </hal>
    <hal format="hidl">
        <name>vendor.samsung.hardware.gnss</name>
        <transport>hwbinder</transport>
        <fqname>@2.1::ISehGnss/default</fqname>
    </hal>
    <hal format="hidl">
        <name>vendor.samsung.hardware.miscpower</name>
        <transport>hwbinder</transport>
        <fqname>@2.0::ISehMiscPower/default</fqname>
    </hal>
    <hal format="hidl">
        <name>vendor.samsung.hardware.radio</name>
        <transport>hwbinder</transport>
        <fqname>@2.2::ISehRadio/slot1</fqname>
        <fqname>@2.2::ISehRadio/slot2</fqname>
    </hal>
    <hal format="hidl">
        <name>vendor.samsung.hardware.radio.bridge</name>
        <transport>hwbinder</transport>
        <fqname>@2.0::ISehBridge/slot1</fqname>
        <fqname>@2.0::ISehBridge/slot2</fqname>
    </hal>
    <hal format="hidl">
        <name>vendor.samsung.hardware.radio.channel</name>
        <transport>hwbinder</transport>
        <fqname>@2.0::ISehChannel/epdgd</fqname>
        <fqname>@2.0::ISehChannel/epdgd2</fqname>
        <fqname>@2.0::ISehChannel/imsd</fqname>
        <fqname>@2.0::ISehChannel/imsd2</fqname>
    </hal>
    <hal format="hidl">
        <name>vendor.samsung.hardware.security.drk</name>
        <transport>hwbinder</transport>
        <fqname>@2.0::ISehDrk/default</fqname>
    </hal>
    <hal format="hidl">
        <name>vendor.samsung.hardware.security.sem</name>
        <transport>hwbinder</transport>
        <fqname>@1.0::ISehSem/default</fqname>
    </hal>
    <hal format="hidl">
        <name>vendor.samsung.hardware.security.skpm</name>
        <transport>hwbinder</transport>
        <fqname>@1.0::ISehSkpm/default</fqname>
    </hal>
    <hal format="hidl">
        <name>vendor.samsung.hardware.security.wsm</name>
        <transport>hwbinder</transport>
        <fqname>@1.0::ISehWsm/default</fqname>
    </hal>
    <hal format="aidl">
        <name>vendor.samsung.hardware.snap</name>
        <fqname>ISehSnap/default</fqname>
        <fqname>ISehSnap/secsnap</fqname>
    </hal>
    <hal format="hidl">
        <name>vendor.samsung.hardware.sysinput</name>
        <transport>hwbinder</transport>
        <fqname>@1.3::ISehSysInputDev/default</fqname>
    </hal>
    <hal format="hidl">
        <name>vendor.samsung.hardware.tlc.blockchain</name>
        <transport>hwbinder</transport>
        <fqname>@1.0::ISehBlockchain/default</fqname>
    </hal>
    <hal format="hidl">
        <name>vendor.samsung.hardware.tlc.payment</name>
        <transport>hwbinder</transport>
        <fqname>@1.0::ISehTlcPayment/default</fqname>
    </hal>
    <hal format="hidl">
        <name>vendor.samsung.hardware.tlc.ucm</name>
        <transport>hwbinder</transport>
        <fqname>@2.0::ISehUcm/default</fqname>
    </hal>
    <hal format="hidl">
        <name>vendor.samsung.hardware.vibrator</name>
        <transport>hwbinder</transport>
        <fqname>@2.2::ISehVibrator/default</fqname>
    </hal>
    <hal format="hidl">
        <name>vendor.samsung.hardware.wifi.supplicant</name>
        <transport>hwbinder</transport>
        <fqname>@3.1::ISehSupplicant/default</fqname>
    </hal>
    <hal format="hidl">
        <name>vendor.samsung_slsi.hardware.ExynosA2DPOffload</name>
        <transport>hwbinder</transport>
        <fqname>@3.0::IExynosA2DPOffload/default</fqname>
    </hal>
    <hal format="hidl">
        <name>vendor.samsung_slsi.hardware.ExynosHWCServiceTW</name>
        <transport>hwbinder</transport>
        <fqname>@1.0::IExynosHWCServiceTW/default</fqname>
    </hal>
    <hal format="hidl">
        <name>vendor.samsung_slsi.hardware.configstore</name>
        <transport>hwbinder</transport>
        <fqname>@1.0::IExynosHWCConfigs/default</fqname>
    </hal>
    <hal format="hidl">
        <name>vendor.samsung_slsi.hardware.eden_runtime</name>
        <transport>hwbinder</transport>
        <fqname>@1.0::IEdenruntime/default</fqname>
    </hal>
    <hal format="hidl">
        <name>vendor.samsung_slsi.hardware.epic</name>
        <transport>hwbinder</transport>
        <fqname>@1.0::IEpicRequest/default</fqname>
    </hal>
    <hal format="hidl">
        <name>vendor.samsung_slsi.hardware.geoTransService</name>
        <transport>hwbinder</transport>
        <fqname>@1.0::IGeoTransService/default</fqname>
    </hal>
    <hal format="hidl">
        <name>vendor.samsung_slsi.hardware.radio</name>
        <transport>hwbinder</transport>
    </hal>
</manifest>
